simulation,strategy_return,buy_hold_return,sharpe_ratio,max_drawdown,outperformed
0,-0.0010606095903097357,-0.5759823904332236,0.1475936348612673,-0.5873157071250412,True
1,0.49078884789779686,0.9595124319750612,0.3516528265801308,-0.6225246565686685,False
2,1.7235126971711052,1.4895862314955854,0.6500494304790928,-0.604347339074246,True
3,-0.4872466699535998,-0.4804266506973266,-0.20702470272328086,-0.7756422507975468,False
4,3.267000615557275,11.403625770347906,0.8658391454754296,-0.449549337187545,False
5,0.8435972159707623,0.8832391887270632,0.4573830049904662,-0.4453620261182882,False
6,-0.07690855697383048,1.3813262548443261,0.11490441673066569,-0.5863033388669345,False
7,1.2242753685787684,5.388998068062048,0.5485074607832224,-0.46161573546888823,False
8,-0.8348804384425693,-0.8650701296837071,-0.6824717729880232,-0.9095858494961131,True
9,0.24246081483959214,2.7699629269224983,0.2601873719357733,-0.5877959132498493,False
10,0.9245757293836061,2.745040124741064,0.48130050932194557,-0.6280259153395341,False
11,0.9956034149825355,-0.44322013861649767,0.49661587077393854,-0.4063676987634592,True
12,-0.5551130361233558,1.0682906299154205,-0.2688466746627424,-0.8345698455806323,False
13,2.952816641517258,12.055085613349016,0.8326663588379657,-0.4915202653126674,False
14,0.38708605786736827,0.7647066161435931,0.31383165386451267,-0.6102938308892331,False
15,0.7885262938526032,-0.1835509547094698,0.4406050398955974,-0.44585020892753363,True
16,0.8846907563935544,0.979927511196371,0.47193719149828645,-0.4561676143205094,False
17,1.845196438187036,2.6742473304478245,0.6774763845330803,-0.5763402845243581,False
18,0.025769878741632057,-0.1544055729290309,0.17798738914987208,-0.7701569716777354,True
19,1.5992592511817127,3.0169556851400934,0.6344612973437325,-0.4674583976531036,False
20,-0.024995308527253512,0.671820508648012,0.14494253838002208,-0.8174778551965679,False
21,-0.6138524881360308,1.691828605218339,-0.300126367886788,-0.6567839785584859,False
22,1.9775577913096938,0.38448880824957854,0.6996267434524427,-0.6337332675873328,True
23,5.792042128850027,8.745735378645614,1.1064355548803053,-0.48991895911175926,False
24,0.41266984134197626,1.422566821383969,0.32157912080158024,-0.7486039774954822,False
25,-0.7793704079910505,0.02612850387600507,-0.5831627871299403,-0.8290202562715181,False
26,2.697799917987319,2.1341819173693084,0.8146375554890647,-0.5378551271585716,True
27,-0.23242749287796816,1.8276295239508689,0.023211065864673256,-0.5456873173117884,False
28,-0.09507990844307357,1.5894656757686976,0.09019104854538539,-0.6488086468660413,False
29,0.7069594718920997,0.22700332888497043,0.41832510952544366,-0.44090268523488857,True
30,-0.006755114872809109,1.7783819374581529,0.14447542488169526,-0.5265600238342544,False
31,-0.20112386445393804,0.4553684600057126,0.061987670807626745,-0.5716288562128509,False
32,1.5597648022316042,0.42817874742673134,0.6139839281218289,-0.39739158642079847,True
33,1.9619215587109635,8.345488712420035,0.697166523220309,-0.44460236934081043,False
34,-0.08480349805633625,0.5819257183771953,0.10697475212699112,-0.45705180389873284,False
35,1.580606145438515,5.910846835898819,0.6320049943074237,-0.7004073741673327,False
36,1.1444895774833448,5.95126937457554,0.5392283732680031,-0.653957144951843,False
37,0.02243002127872451,-0.44650535385651147,0.15901736856767995,-0.5474649796454294,True
38,0.5980435349943631,0.18919781031417826,0.38658654269535175,-0.4982566471531987,True
39,-0.006495555270355613,-0.5181265435184015,0.16185328079346517,-0.8426679791739582,True
40,0.7582367886573778,-0.129473943710675,0.4330511726996129,-0.49770147557019306,True
41,-0.6349870271989908,-0.7646431401693363,-0.36714987301023794,-0.8010841054641384,True
42,2.572843859088072,0.8908863634383888,0.7782593126584347,-0.39047621656942594,True
43,5.926690175089826,1.2968531747282932,1.0846944732969868,-0.3464971520151958,True
44,1.7173024529367509,5.182640511913765,0.6603726752761908,-0.4764693292869233,False
45,0.2478150524499596,1.5093995176214619,0.2698688247225418,-0.6248302369669663,False
46,4.001030759832431,33.24763164572262,0.9542547428876269,-0.42680067719298986,False
47,-0.5963323921315646,-0.761177501408862,-0.30457475682002094,-0.764084527077296,True
48,-0.15257949157884954,0.5059696275748458,0.07138678887262043,-0.714296816713817,False
49,-0.5916440495070301,-0.25148171047591117,-0.2978874064164786,-0.7554518953214856,False
50,1.6324418747249978,4.818522504204076,0.6326511734601932,-0.4240453430819185,False
51,0.06702104396817266,2.4308716013695966,0.19282595305285724,-0.7132782820237531,False
52,10.245153248262023,0.7944146649909984,1.315317661877987,-0.39857557749730477,True
53,0.1563334630884552,-0.5973555003828135,0.23027628650508658,-0.49641042547451336,True
54,3.809689023350991,3.6161347657529523,0.9659550933770263,-0.32002713927997756,True
55,6.390104485723151,12.387327676869656,1.1420076458642692,-0.3783740642373472,False
56,4.71054908083456,2.3191662330479073,1.0340006357760116,-0.3792773939156114,True
57,10.718678355832147,24.459598698281667,1.3786052944975116,-0.30903518788666196,False
58,0.6327132537213864,0.24059641500583662,0.3960656949123956,-0.6401563268499658,True
59,-0.6462034487067796,0.667428519681694,-0.3491328773022717,-0.8839891770757469,False
60,-0.05752394355118284,0.5810811119738342,0.12980374236277212,-0.624963597107334,False
61,-0.10116912686515223,-0.6857004509069107,0.1077724532011074,-0.6163343361005417,True
62,-0.6579355525347828,-0.18096712333181664,-0.36609003095555304,-0.7378193128823196,False
63,-0.14565248045503798,-0.4171077595145284,0.08497805777310574,-0.5235944062538266,True
64,0.9294156441702013,2.539394894057342,0.4794321605245696,-0.4967030744797994,False
65,0.5545147517892608,0.06659909121176577,0.37204052915741725,-0.6754737416681994,True
66,0.46390488600861257,1.156601536936868,0.3448393256257739,-0.5396991268506243,False
67,1.4478785724448309,30.198537013066904,0.5913278566819326,-0.5313410532552653,False
68,0.22168582398516246,6.523516836411608,0.252146517253047,-0.5217393759914245,False
69,4.456580336413398,2.285168284186232,0.9861003033048329,-0.5710358378412026,True
70,-0.3073021159313092,1.912252406650612,-0.03971746606529736,-0.6616813275674592,False
71,-0.12962515418936804,2.2032459601337977,0.07697197728022417,-0.7308127345024887,False
72,-0.3215352512407146,-0.2958525654086491,-0.032678327889183977,-0.5632040307199354,False
73,6.716848928049369,34.53507603067458,1.1817160840103438,-0.365676228042094,False
74,0.7728603138924266,-0.09749699819679702,0.4373999957829276,-0.46391759662857834,True
75,-0.8287733592322569,-0.8912356211500155,-0.7220036968881811,-0.8493187748675936,True
76,2.4503837722426804,5.542537991572531,0.7547871661522733,-0.4560448726005003,False
77,0.235019151055621,1.666653261322403,0.2659556280393753,-0.6210567114373213,False
78,-0.5695076272524672,-0.8185917780265453,-0.27318959222098044,-0.6350593921824131,True
79,-0.783222281146785,-0.9575625753586121,-0.6140006689521712,-0.8063005108918783,True
80,0.2523005807573868,8.311341432260402,0.2704168679045272,-0.5918654855489778,False
81,2.9563295601871378,16.855416040158104,0.8333238793697785,-0.5057484422240532,False
82,0.568144783236624,1.2198842835889403,0.3766401074847633,-0.6127000881913157,False
83,-0.5257322645730064,-0.23000693946420692,-0.2197202624674924,-0.7935423499964811,False
84,8.33175679423836,13.385107120315451,1.2928168826327842,-0.3815691952438642,False
85,0.9234924571958429,0.36649523268880957,0.47613185135436975,-0.5086047472984424,True
86,7.122607528829494,6.959070759295773,1.1902346440773441,-0.3605120624810833,True
87,0.15434951724767543,-0.361213748198122,0.2217492754880814,-0.6086526765266561,True
88,-0.9485892829493302,-0.9751358007584656,-1.2544748299610409,-0.963322856231868,True
89,1.4748367989313937,1.9512123038357574,0.6007198987408447,-0.6112007244762725,False
90,1.0679704664546517,2.524913149351774,0.5138277599228975,-0.5257434366953073,False
91,-0.17859320270545787,-0.38636236733434615,0.043744016731173375,-0.5514707611773686,True
92,0.35980014404634364,-0.8710755209608825,0.30465510713035693,-0.5113908630737705,True
93,0.0901206300710451,-0.5274793702918512,0.19554878555137276,-0.5154245348580494,True
94,0.06372202618119216,0.6273754491138503,0.18671596781836625,-0.5192436864386106,False
95,-0.5311893425179937,-0.725308255422767,-0.23400558684302047,-0.764512767547543,True
96,-0.2083642609267652,-0.8396667112999732,0.037013754229557105,-0.5971031226942822,True
97,4.193332329819073,11.665529604253631,0.9601145606521321,-0.4481815311203084,False
98,0.8342651069302054,3.6484082944202108,0.45292631973137404,-0.4638419829763169,False
99,0.34775957445705186,-0.3683921866116703,0.29846187333980323,-0.5252498339449932,True
100,6.278714244977955,15.21031011158561,1.1390700796628066,-0.3946200078045991,False
101,-0.4825282013369151,-0.8560784023095867,-0.15036604649751736,-0.6822855417521511,True
102,1.5623411409129786,2.2855265584548796,0.6229081715627295,-0.49115312419888546,False
103,-0.2743485502005746,3.0391681284818377,0.012241159727578258,-0.8194395111046047,False
104,1.319199431023935,1.3894148509404265,0.5596394314578922,-0.5592537523930767,False
105,0.8010898276252232,0.29632116799272246,0.44665108563966743,-0.5094096881990767,True
106,-0.08415440643828409,3.210973701826828,0.10032328256476918,-0.5475973590274883,False
107,4.047796772170266,13.394855118075382,1.0008049966457084,-0.475459761940916,False
108,3.8660104856832174,8.258783142429014,0.9200069396943824,-0.5986455404512465,False
109,0.1386803635037097,-0.5732851129321817,0.22074647805438538,-0.5447658045100354,True
110,-0.3585953993106703,-0.8847311600773825,-0.05135927232877723,-0.7678143623930112,True
111,-0.37505036897317645,0.13080032028924826,-0.09372974068169755,-0.6756000988261267,False
112,-0.7352169602107483,-0.7383033899551295,-0.47339804165560984,-0.8674840566883391,True
113,1.0837257862284706,0.7973864046674559,0.5212405782645043,-0.48053085613276414,True
114,0.2933591572865464,2.514998806325492,0.2756700341849199,-0.8002167371638099,False
115,7.208342452552312,1.9724264495246673,1.2239456958963415,-0.35724391515738685,True
116,1.1260843531583355,1.3859196973536,0.5270233715240785,-0.4580946024506358,False
117,-0.8594801740760746,-0.41126338373856475,-0.8214096574855877,-0.8549294051893644,False
118,1.4276805288163361,1.9821434996551348,0.6054234720887705,-0.4876711256162406,False
119,-0.4807583917440905,-0.6897979646648329,-0.1794784007019226,-0.615137716536866,True
120,1.6416751302522394,3.375858604735593,0.6265941106252566,-0.5123935235385215,False
121,0.05284309400760434,2.359343145539511,0.18216205020191695,-0.6962955953055989,False
122,-0.46954218858518804,-0.34954541095336256,-0.1470409483000692,-0.6307318383657736,False
123,3.198404654431614,11.822472936960557,0.8585366536155321,-0.4379315423501821,False
124,0.41376968171238393,-0.34706125764456697,0.3236239321740281,-0.45286135192321003,True
125,-0.5454297550853939,-0.5302394742963294,-0.24831563511507523,-0.7939510354107523,False
126,1.1500629491059589,5.591278675607175,0.5286720368706938,-0.5637677863681366,False
127,2.616514143457078,1.8577308249983564,0.7931176909769848,-0.4223898948967624,True
128,4.236770179387745,1.01144823800484,0.9890942678651787,-0.5529941010073259,True
129,2.1605981264298637,4.263344482971418,0.7218018516984159,-0.4958078122066763,False
130,-0.5168672400233778,-0.4028325411512018,-0.1889011523715384,-0.7876442428773985,False
131,-0.5875576161382399,-0.2683721811959542,-0.2878707288781514,-0.7582637046934608,False
132,-0.8163019511609955,-0.9680471700788605,-0.6770441218416344,-0.8455845482682303,True
133,0.670964693670246,1.7617782145480518,0.40857320884403625,-0.828117943107897,False
134,0.27407355037698533,-0.3372969694789695,0.2738659039498365,-0.6122735314962999,True
135,1.0311062209430002,32.23034832190594,0.5078023715912636,-0.4459034518972123,False
136,0.7400273601497009,-0.475891845786921,0.42706517123345644,-0.6683786763514559,True
137,-0.055163091046658175,-0.258419180746144,0.12128445107010274,-0.5451498801637432,True
138,-0.4168988571740917,11.795209205353439,-0.1127682416394199,-0.6324402842810253,False
139,3.031325448349146,21.36217960865014,0.8436820403660905,-0.4448719514116556,False
140,-0.3072774179208403,0.5476910766984149,-0.018755445603558064,-0.6047317390857313,False
141,0.9036075762978184,-0.1758750543409009,0.4750937684736023,-0.3759474707463571,True
142,-0.21593580614519314,-0.6859689400440887,0.04150140918857582,-0.8101275957123663,True
143,0.1355305662797619,1.9923258563020854,0.21671564631798768,-0.7133477874014145,False
144,4.739182907628119,5.790848158206833,1.0217895787933093,-0.5418626019015602,False
145,-0.7994296182882856,-0.6841254108763523,-0.6173472620792625,-0.7986597839961213,False
146,-0.3446625164617406,0.2080920269974016,-0.058190315736328296,-0.5767839516926093,False
147,-0.7003053826019375,-0.7701165901032866,-0.39786416970598093,-0.8455576677815008,True
148,-0.21126542710726848,-0.7584092932242137,0.032706625369038934,-0.5823034815176622,True
149,-0.7180926331604982,-0.7517010115298488,-0.5052132755447696,-0.8852884200735324,True
150,-0.1763891026304898,-0.682147684603283,0.05543973513279525,-0.5586353508920259,True
151,0.2816545217715307,-0.5171969571138516,0.2813058231724301,-0.821774293088162,True
152,1.8237108314005535,-0.6807960311280123,0.6671127229513284,-0.45490619745743444,True
153,0.783416152759336,12.343969741813465,0.43847634898323185,-0.4748529058146528,False
154,0.6283628848956537,-0.8142072114033183,0.3956451709565529,-0.5572179916321134,True
155,-0.3875211157135001,-0.02081481511698602,-0.09127534166914122,-0.6965547434996466,False
156,-0.5442633740375509,2.2822566446204915,-0.19910737919624033,-0.688219983101017,False
157,-0.10376132004621008,-0.38733217824668165,0.08202727916099715,-0.5853052346856707,True
158,1.6230222879037992,0.21553383842212925,0.6339934855084297,-0.5182212842356677,True
159,6.1189396359479105,15.020997491261895,1.1190888363260743,-0.31324681651936537,False
160,-0.17039252228018964,1.3297733311681577,0.05717362373832248,-0.5626088996247921,False
161,-0.5129678162557296,-0.7770961713632909,-0.20199906340138324,-0.7636626825533631,True
162,-0.0715751940649142,1.2131603645770137,0.11864979096714963,-0.5663204667063957,False
163,0.23954959708476586,0.36430386743393894,0.2629777373208415,-0.5313111164658084,False
164,-0.6797206070200119,-0.8525849624444061,-0.39410730169946,-0.7603442050669422,True
165,0.9173123618222967,2.806848782415996,0.47502129183588276,-0.48495030383664567,False
166,-0.39441748591918957,3.647634266576868,-0.0790275107678754,-0.6821734971063007,False
167,5.254843014759303,20.327527069002606,1.0776546462660472,-0.3445674401196555,False
168,0.8053669247836306,3.865148350006569,0.4468929366445005,-0.4321000041490146,False
169,0.6918040907828529,7.20952017242387,0.4148193337483436,-0.6489341743616498,False
170,0.9646260986275221,0.5151591832418363,0.48749168488869743,-0.6298370796982323,True
171,-0.47546388756413194,0.2871373099361758,-0.16080953851576804,-0.6710193545986276,False
172,4.79981715485575,5.16208109727098,1.0179233097754035,-0.4415955111323905,False
173,-0.14538433561835395,0.33360588499788535,0.05840317505339516,-0.4895795868678359,False
174,0.38358651786185183,-0.05113105900132364,0.309821811604914,-0.7698293495035358,True
175,1.2137158536433152,0.09245423874086378,0.5464881121371717,-0.6924244971946673,True
176,3.488038346155017,2.4471686666636945,0.9181606023463603,-0.49978501572823886,True
177,0.44735503958158973,1.2504936351639055,0.33972648034934266,-0.5880346517328491,False
178,-0.09765066073423223,3.6182062617447075,0.11057073692247776,-0.5056550901144627,False
179,-0.29791337136507157,-0.7351397917870275,-0.015548362271547524,-0.7135966213052415,True
180,-0.34633119996476736,-0.012474636508046033,-0.02293036664216945,-0.732134653383338,False
181,0.31387899496038374,-0.22121448556330492,0.29050671741585504,-0.4578659778841249,True
182,2.149484224468405,8.343145123119458,0.73542538380879,-0.454073805104371,False
183,5.121481449439607,8.675475082594275,1.076482414412645,-0.469971676815244,False
184,-0.07736242205237043,1.6395379153707221,0.12985039273713259,-0.6105360314133602,False
185,0.3506953640170827,-0.25613593069482554,0.30544857716511986,-0.5360737346690013,True
186,-0.4157012271445474,0.7548605043978351,-0.11173692613083577,-0.8550011373282669,False
187,-0.32907695023371986,-0.45598266705199963,-0.04400679763335799,-0.5840621005375785,True
188,-0.31121909914433654,-0.8519571629014107,-0.03909771550829344,-0.6367623523040028,True
189,0.034112885968263784,2.260572502945202,0.17635886595160408,-0.6014193386044676,False
190,8.606212644516848,72.10281228454788,1.2910372171369822,-0.37511367360895304,False
191,1.1958358084413692,1.0645243112482596,0.5462902134065986,-0.4872453889513503,True
192,0.7358639411395951,2.9846581608335603,0.4287322519189743,-0.49584844734656564,False
193,-0.26448405630811433,-0.33864355364035525,0.009859161999895432,-0.649160814204255,True
194,1.2621943515946956,1.6118705452726418,0.5571140754990822,-0.6047020313120615,False
195,-0.5530013912195816,1.2643858555062382,-0.2390415150241653,-0.7138111245955134,False
196,0.03411080724105586,-0.8086285402473347,0.1764267702441657,-0.5141898031738708,True
197,-0.4856974936159316,-0.7552959269469111,-0.19187400814903047,-0.7923256376372054,True
198,5.08856877892011,4.549529699370792,1.0272477212153595,-0.4663163115107845,True
199,-0.21489822980219186,0.06742796003922313,0.04623616149366711,-0.8409864808214594,False
200,0.3247563021241491,4.173663600263977,0.29164968550989123,-0.5403092617577786,False
201,0.36285321720519126,0.23506349737579346,0.30715681990544647,-0.5676320316886687,True
202,0.9805432996128525,3.683226106497317,0.500552952032911,-0.5622744873331537,False
203,0.3480587551713461,-0.827618224562646,0.30311409128274946,-0.5506622663425041,True
204,0.5778972368914315,4.702670143874983,0.3796336276499945,-0.5820793610733228,False
205,2.6177437591418733,3.40240466086264,0.7924113638588633,-0.49120446623546343,False
206,-0.2953860219972051,1.303319774499795,-0.001673512366729887,-0.5608463581508458,False
207,-0.39857660046228194,-0.2918705147509437,-0.11732759405836712,-0.7237210095082733,False
208,-0.09518287401406866,-0.20715802184565324,0.0968954460434706,-0.7126141512982204,True
209,1.0602022221581495,-0.08774281513299242,0.5174936372385095,-0.4733007176388864,True
210,0.5930643212942119,-0.6041188624440575,0.38397902934144634,-0.5936869468803786,True
211,1.5353947837815864,3.513776919343811,0.6171213246754594,-0.4892230260482592,False
212,-0.6243953501980788,-0.027757633374212998,-0.3335823452679392,-0.7003006393213416,False
213,1.194345690510159,3.228603466629238,0.5487763128758503,-0.6215920544107258,False
214,-0.7973416631653734,-0.6977657671543429,-0.6608207281734677,-0.8894236782166165,False
215,1.3649696531648088,-0.38127881158150645,0.5816324815082335,-0.4736706746228579,True
216,0.34817643842432977,1.9628836338913027,0.3036510089694769,-0.5766046271538293,False
217,0.10801052670011435,2.8906240896049216,0.20312699883727825,-0.654622756578328,False
218,-0.26970953123808683,-0.7434926170407499,-0.008687614828807137,-0.7661605216430896,True
219,-0.18741062594955482,-0.0993853125650781,0.03932610635965495,-0.6680331840100808,False
220,-0.7210594566494939,0.5760910716041749,-0.48299062010312993,-0.7719806728423523,False
221,3.760232188633319,2.7436666370661555,0.9350120309352602,-0.41860873299219586,True
222,-0.28848659852098624,-0.08198506952862117,-0.00038221988001192216,-0.7708125227786206,False
223,6.750908493060646,2.979595584646956,1.1540373792677456,-0.43130798392435327,True
224,0.6489628818219966,1.9226433908425196,0.4017452644293178,-0.7441765426273288,False
225,0.4993724373849817,-0.007595735939332826,0.3551309004599484,-0.6996296074983318,True
226,-0.02995504407786187,-0.1252211279846568,0.14205299607854296,-0.6318724257040872,True
227,0.7195552714316569,4.032843804422695,0.42232877665711127,-0.6037731860826533,False
228,1.7303154658093116,0.9382035406911724,0.6431962618098536,-0.4125806919260865,True
229,-0.5505612648499288,-0.03334626914216743,-0.2512366559803934,-0.6733929252367828,False
230,-0.8144456348642971,-0.8883483884820887,-0.6833551839745711,-0.8788758812776855,True
231,-0.5404352499259419,-0.39549565562216804,-0.21518953980040023,-0.5960487755583226,False
232,-0.7901243663402506,-0.23987411218548393,-0.714036453064926,-0.8446067766843687,False
233,0.22514834780363846,-0.8504505963921317,0.2456709549361215,-0.712453954937111,True
234,-0.40892996706234697,-0.36239081524272154,-0.09520124300384306,-0.696326329654806,False
235,5.0454429994486185,2.2872512088412447,1.0424581023111223,-0.3752760789247085,True
236,1.8194025471807116,4.092470168292883,0.6636792299557295,-0.41319249315454687,False
237,-0.605465601789096,0.5582143432858693,-0.3006829084922245,-0.7426080715330082,False
238,-0.34429359741270005,-0.39235022271890363,-0.04774211171930521,-0.7414958370725003,True
239,0.422425384569765,2.4936503862728143,0.3271422867107203,-0.5423055124922922,False
240,-0.23470436976963438,3.109991983100964,0.020969491835076605,-0.7127833279334296,False
241,1.452467849332907,0.8737087471615015,0.5866092981885463,-0.6882825737522769,True
242,-0.45567364902576235,-0.8016189502644059,-0.11949772016930008,-0.731727231004879,True
243,0.8232452473469938,0.8022532435162124,0.4516771247169873,-0.6780090224087003,True
244,-0.27993830783033036,-0.43424027824173583,0.007525633534438391,-0.7420444523699677,True
245,0.8196442432356801,0.8281291556376036,0.45063440528754634,-0.4608836100820487,False
246,1.2906776239123467,37.062580222829176,0.5703759089155209,-0.441933843800125,False
247,0.742204459238482,1.6936143195975615,0.4281960714053554,-0.5297537571095899,False
248,-0.7428114913831492,-0.31503905724025605,-0.5219877196522025,-0.8447895712502314,False
249,0.26656054071251556,0.7407481967097376,0.274104796183913,-0.5534779195595232,False
250,-0.16840195015738657,-0.31718541324525173,0.07110072508962934,-0.8664213365123136,True
251,-0.46800657585012173,0.01774708528953961,-0.1487365076386406,-0.6880360078894694,False
252,-0.48522964461071705,-0.8902548228326065,-0.21633722476194522,-0.7152178325209461,True
253,1.5547441063502725,11.273148506439817,0.6201334612705934,-0.5000967624137943,False
254,6.187043782815101,11.602688623209007,1.1365155394081152,-0.333073527912023,False
255,0.3266398966923991,0.016745383929509527,0.291968276928758,-0.593931835295173,True
256,-0.7466578669327577,-0.6984713815344011,-0.5017384708798549,-0.8679873031910794,False
257,-0.27616865691523296,0.7508013990991833,0.001407710472558478,-0.7573752918002007,False
258,0.35600057303920263,1.4421310512083707,0.30428088152373595,-0.5943033361297696,False
259,-0.0922838425547663,1.881092472563823,0.11357535238584884,-0.7626123857226109,False
260,-0.532526867211976,-0.17342891190331766,-0.23324002760441143,-0.616150233318974,False
261,1.2687660523155624,-0.24482414017064247,0.5512695611537338,-0.481581289536059,True
262,0.7852648629795798,8.930396292206627,0.4398498999920647,-0.6167780402272249,False
263,1.865673856835687,8.187465278459173,0.6696661505606686,-0.5665472706717971,False
264,0.55683167034832,3.2926648871108535,0.3735184962729987,-0.6082231167703313,False
265,-0.5984322080653969,0.6420789274789522,-0.2976662877944941,-0.7692804134084533,False
266,-0.5535502702958266,-0.6185966276209364,-0.21578334696311738,-0.9141405005419336,True
267,1.9669957576258725,2.853238665966063,0.69219488055768,-0.565431110642937,False
268,1.3067683817725002,1.5094893463417804,0.5702918884630864,-0.31816940206392424,False
269,-0.1735810310379371,-0.8035219757143519,0.047511215853636796,-0.6712340176937521,True
270,0.0638925052877295,1.0049786588604235,0.19308837813701415,-0.5579066582993819,False
271,-0.5042327772711008,-0.30799143481828006,-0.1853579558184592,-0.6984984446258846,False
272,0.37900224629895973,3.3442629940624444,0.3137271885600059,-0.5241945861436393,False
273,-0.24177581183114338,-0.009969368714591975,0.006453339273256852,-0.6109468664544241,False
274,0.7696827618666029,0.3868857189209878,0.43860989731384953,-0.5696541611467004,True
275,-0.23630509376355646,0.49447731996124134,0.025165542502964586,-0.5762111196920674,False
276,-0.4761724680018775,1.4514207607520895,-0.1578294291781745,-0.7911059919963002,False
277,1.9601547497667502,2.2869984880710614,0.7023381305417907,-0.46925869723775776,False
278,0.4136522170850745,0.5026245466498747,0.32419067208069846,-0.4800204067823826,False
279,1.9184859743414484,-0.07282667507115304,0.679837393238251,-0.43133748772176383,True
280,0.7158029559941297,2.3720330343038047,0.42213992613902035,-0.4738981410318445,False
281,2.9370251939423104,-0.3231015319718915,0.8289629772191242,-0.4603780096746541,True
282,3.384170714423388,8.164641814046542,0.8988459745427696,-0.41992831277482345,False
283,-0.7424739576762487,1.1199589237054388,-0.4777216064005428,-0.8930928219499069,False
284,-0.655374231136563,-0.6630529572057208,-0.3529533232305936,-0.7430548486862087,True
285,-0.1989310569510917,0.6387979513576514,0.043116991865164024,-0.6125279979726324,False
286,0.17525747151605087,-0.1646957711836352,0.2375644223905962,-0.43244367397414446,True
287,-0.14278068886659134,-0.2186974823310439,0.0767321275921167,-0.5687876696565098,True
288,0.40282618872885156,0.20438864453150662,0.3214021736624531,-0.5154557532941916,True
289,0.45566900024531787,-0.954367395039249,0.34191085939079646,-0.4052293791053842,True
290,3.465424862075734,0.6917686372801817,0.9208939521733543,-0.5018704273568005,True
291,-0.3049554427692355,1.0210502202560932,-0.020637921319633476,-0.7179056741431666,False
292,-0.4810102021224413,1.3855038651824532,-0.1869997510526444,-0.585966110754938,False
293,0.7406101815072885,1.778776921269249,0.4287444946591384,-0.5716285369667238,False
294,0.005148209555909444,0.21828288485554537,0.15445989609116123,-0.6336153780055994,False
295,1.0800648317841701,2.291869967327131,0.5219371399451382,-0.4381316547582707,False
296,0.490292797964482,0.2779861227649243,0.351602023910456,-0.5258782687696273,True
297,0.19493760633130797,8.418311510129667,0.24003309284412722,-0.6614137123932072,False
298,-0.39130161589217993,1.8985020729035202,-0.1099465518815584,-0.6276763568071559,False
299,0.020177823346385848,0.9840534082601697,0.15980377648274097,-0.4140495198103912,False
300,1.1933366295877819,-0.292613101319395,0.5404269933115982,-0.6266854852301701,True
301,-0.40885907810886923,0.0011027716242870689,-0.12924949009127748,-0.6037112673196753,False
302,3.2195732208821823,4.568481751812461,0.8556386795877055,-0.37838363954562254,False
303,0.15641599254062633,8.205879249339137,0.22948794456977892,-0.4653820496621004,False
304,8.735769589395352,5.854006400711178,1.2507047532135658,-0.4617239653754627,True
305,0.01038161648499103,-0.7857816755366933,0.1560317599319616,-0.6408588444995762,True
306,2.057376949698832,8.306642741211391,0.6999275067093268,-0.6545713926535233,False
307,-0.5236327221395922,-0.5111202684858561,-0.23830416483477504,-0.7768603895575242,False
308,-0.36150435530914404,3.3278981883876826,-0.083427870772223,-0.788321438867905,False
309,5.9799303241541795,6.994725878661047,1.1140867399741992,-0.267364180206378,False
310,3.122836692299896,14.65964932928228,0.8486736805184473,-0.4201526426487787,False
311,2.0387419953540213,7.295151810934808,0.7142650937404398,-0.4954201803476234,False
312,0.4021709297347895,-0.3716800745606639,0.3194407233024451,-0.7186693258912208,True
313,12.526382235003872,5.483290605578761,1.4686779371026089,-0.5294044141073485,True
314,-0.714402387577331,-0.13370485925687425,-0.44871537853674154,-0.8001911705207986,False
315,0.4610017360708998,2.099419150681431,0.3416571034035662,-0.5709678449555875,False
316,0.12226329938018266,-0.2925658275069223,0.21123333003834574,-0.45786459240378136,True
317,0.052245695116787116,0.9751878325660246,0.1762705049362587,-0.6278827056825304,False
318,1.3529536996665854,6.635188317199295,0.5792960403501031,-0.5475591491357468,False
319,0.6604751277417413,1.6962176159993145,0.40441608707292387,-0.6333250569575649,False
320,0.35914368418781306,-0.11445203257545011,0.3049470496082412,-0.5565768863672288,True
321,0.21253301247539547,6.491915789901714,0.2517595342783849,-0.5359552815055536,False
322,2.1321096042751115,-0.6386520816410473,0.7266409695759629,-0.4389450962734333,True
323,2.711100359662002,1.5334146305297147,0.8142361701585498,-0.354123072854191,True
324,5.353381333185785,8.512156577620866,1.0419787444235433,-0.4389067582039282,False
325,2.474456135962221,5.953833942966543,0.768650125312925,-0.6492513159847392,False
326,1.1716556732928027,0.23072212362816713,0.5365241554074373,-0.5886996271312218,True
327,-0.24544858826177396,-0.5782670359574696,0.02443993648916023,-0.6544297361275995,True
328,0.13214063013993815,3.099864036806146,0.2175546091589539,-0.7105938182691273,False
329,-0.4811573097334161,0.46476830359221766,-0.1569952017597758,-0.9203667117965411,False
330,1.2215960157321577,0.30050225077794357,0.5456573302731316,-0.3653532142809814,True
331,0.1345696191936261,2.1668987036053027,0.21754519926750726,-0.6734426517010115,False
332,0.21419431169309155,0.6598838745037974,0.26078608971662826,-0.7682991137642363,False
333,1.6841345457502013,3.1000699792275297,0.633633938429961,-0.49271512754951485,False
334,1.7994226963685516,2.3953151659541416,0.6693972204992793,-0.6168386885965795,False
335,0.6027375471098488,-0.40676115653486,0.38803560681421767,-0.5279990061937926,True
336,-0.4577524366978982,0.1531853416108322,-0.14950058571581737,-0.7735813765822227,False
337,0.11224669568319956,5.967973468354299,0.20893020073691312,-0.6123040497799821,False
338,0.30809086070139347,-0.44798335283929913,0.28823195262411144,-0.6352691138835065,True
339,0.2768173125399995,0.9210543122675161,0.27641193221963223,-0.6074433902584263,False
340,2.2110917825764336,0.06759588936361816,0.7367172208495607,-0.48690706570644543,True
341,-0.5931083486200874,-0.5345722495998129,-0.29379874313037124,-0.7882798907550326,False
342,3.599495205769977,12.037349396833775,0.9210847978652598,-0.4762553564307785,False
343,-0.465599213178179,0.7560452937677626,-0.14994018456017935,-0.8284842989835038,False
344,6.844333958482578,54.29602050590798,1.196700219077617,-0.36847078597520483,False
345,0.1109854871142697,0.8577895343549733,0.20173572098784853,-0.5853244730327714,False
346,-0.031934851477535386,0.8619676704028112,0.13957232540326145,-0.5321297641138563,False
347,-0.2128667412038704,-0.573570015468237,0.03366997556178777,-0.7284283888175433,True
348,3.102994113499749,16.879581450659636,0.8485486446757856,-0.45460605348903105,False
349,3.416310255448068,29.34065741453814,0.8987092004043185,-0.45277798340894654,False
350,-0.7835674788781306,-0.859633787635454,-0.6518731446046299,-0.8328807943967128,True
351,-0.5958960014584838,1.9367968271699367,-0.3127015111404469,-0.8047279034105596,False
352,1.0606406609754804,0.8425479920320755,0.5116951683839108,-0.46324322867999723,True
353,0.4020781545438701,2.0500551054943967,0.3231471892336506,-0.6504066460684699,False
354,0.22823348997616089,0.8452864949726642,0.2537429756805388,-0.4213378803836065,False
355,0.3685187115565116,3.9927441174172786,0.3064558956381162,-0.6285388443639891,False
356,4.616697548091463,3.6224581820157757,1.0371111695602937,-0.3370867616024342,True
357,0.49782170463795006,-0.5728952879550706,0.3536985417631423,-0.4932713438464611,True
358,-0.6810554383021854,-0.28750601228037986,-0.4112709828160829,-0.8730020406697947,False
359,4.72581675742196,5.576305503455234,1.0186111533219295,-0.4650151128237025,False
360,-0.14814045267586595,6.152595924767735,0.059408358442340534,-0.7188923891070959,False
361,-0.17625312975496077,0.022891351323668596,0.060189433638862026,-0.6931987823675405,False
362,2.2079506385608867,4.813578912055131,0.7293292681491717,-0.5095425294562674,False
363,1.3552019987093082,7.777888328453162,0.5793363070169718,-0.6106288409330048,False
364,0.08933619795586867,0.4998937906008889,0.1975742219384912,-0.5042622742056291,False
365,-0.18471675058770143,-0.1448699675629982,0.055096027296734996,-0.6580270857407325,False
366,4.617087934498943,95.79559637297592,1.0155241559382053,-0.47629122069122554,False
367,-0.3861703968712531,0.09730373822042315,-0.08507706850505109,-0.8492272247033591,False
368,0.213078939363889,1.3563984304361423,0.2526571595570455,-0.5419326779358882,False
369,0.5656168788243625,1.6681509880050727,0.376421182583897,-0.5571324513924497,False
370,-0.22296173529492547,-0.11346792952831508,0.019090043052884746,-0.5968740151732452,False
371,3.2908149323550653,6.662422673520057,0.8618913202409453,-0.686425491896542,False
372,0.8833543519268556,6.314663201942998,0.46806398171336555,-0.6715660675192147,False
373,0.30698099514864596,-0.22069238376518197,0.28812212027075285,-0.7843967894134285,True
374,1.0789769845570123,1.3883020392184124,0.5244567421760806,-0.4601297606565932,False
375,-0.0023831009441737105,5.070594427013899,0.15461004358906125,-0.5885022057406513,False
376,0.5740423886289008,-0.22900612071461135,0.3769221023979647,-0.6735762463374991,True
377,4.937167037490301,1.4454366675716481,1.033747735848522,-0.3492000589553561,True
378,0.9657284237756367,-0.1743942646264648,0.4885745193850999,-0.5160070761837233,True
379,0.006317505741475049,5.759616833326589,0.16572381301080025,-0.48533762990775425,False
380,1.6039808718900668,0.08313816836087051,0.6337544949013828,-0.5228119936440371,True
381,5.103730166646064,21.237786334192897,1.0464419715352904,-0.5139968246092106,False
382,0.7777081462736013,0.04009862809579534,0.44113422683003656,-0.5210177625551583,True
383,1.0451133434646729,-0.15643912018751038,0.5097198317982746,-0.6794493428174042,True
384,0.8271940104095046,-0.02531405260562769,0.45321556105988375,-0.6350078943007732,True
385,-0.14586440371128973,2.0517279236719173,0.07977264842267819,-0.6203404583003247,False
386,4.452244778604981,3.4416099586199937,0.9994729388210376,-0.3092513960123473,True
387,-0.6786280400627694,-0.6395164509972919,-0.38482658084110327,-0.7876151941511422,False
388,0.12228506699631336,2.3147558411274285,0.20301678363358394,-0.7531996293572628,False
389,-0.37233097699692685,-0.028008742098623918,-0.11094908153068848,-0.6903906743187483,False
390,-0.18245565538286979,0.046199230462361296,0.05665546621294383,-0.6573726663407978,False
391,0.10080992567207803,2.8323304276291417,0.20566480687293265,-0.6567129469372761,False
392,-0.6906527195164556,-0.2618782258717811,-0.4162939275024402,-0.759633897395435,False
393,2.5882019135559555,0.4001350606319647,0.7841023030176348,-0.36826035279543734,True
394,0.17183182265034902,-0.15595852202199956,0.23029887616195815,-0.6552002492675121,True
395,0.5434099064374363,-0.0802022783569526,0.368972260017892,-0.6312717284912972,True
396,0.33723298678631886,-0.47875908992295213,0.30086563988027504,-0.5234062685326983,True
397,-0.0715142185913995,-0.3210662975646428,0.1208685089102399,-0.5731782110008,True
398,0.012943117736139653,-0.658218937092913,0.17473911079356266,-0.6062293643694338,True
399,0.03718154862716627,2.226750517777249,0.16051402001904752,-0.5215402640041096,False
400,0.7215620093420436,-0.1308296831210034,0.4241664759982159,-0.5479133800687052,True
401,-0.8244075544555105,-0.7913421630458943,-0.7315548559060202,-0.8998944306268271,False
402,0.06135808583150082,5.03775510016385,0.1749800022067297,-0.5345810270934063,False
403,-0.29016991671742565,-0.5070094924374031,-0.009031365924277427,-0.7576030810194323,True
404,-0.5812034105244979,-0.38960167300737647,-0.2908026085571512,-0.6845856422032178,False
405,1.2786774655810023,1.0183099310723565,0.5642395377803412,-0.55619398364875,True
406,-0.3024941148036153,1.1338410830702426,-0.01351999048782989,-0.6605238926794751,False
407,-0.7700177909700663,-0.5435126043370454,-0.5432294834314897,-0.8203625381690256,False
408,7.794422368570915,10.006381253330453,1.2246258332103965,-0.38023753296294893,False
409,0.010963058005122095,4.159968098469159,0.14730818017891495,-0.70042295069097,False
410,0.23035399125460487,-0.03873212775285395,0.2504696131730074,-0.7347299204811186,True
411,9.634019687902192,23.85710277220655,1.312912695080803,-0.41950838984622374,False
412,1.7724041629000578,3.2278125418687944,0.6606026476237457,-0.4165654254796123,False
413,1.5337421981397523,0.121169792339054,0.6138447396827507,-0.4297238569124437,True
414,0.985386249061126,0.6290270642545506,0.48877447364011584,-0.5361438819891983,True
415,-0.6793599028716406,-0.6924376666815092,-0.4030014183848007,-0.8228851198500644,True
416,1.527985569749092,2.1847680274829466,0.6175931561464503,-0.4446246295246314,False
417,-0.2443002172732902,-0.06985938421152849,0.032128579347142576,-0.6644390727009981,False
418,-0.12692712891764613,1.2200507153479694,0.08877449609888396,-0.6882542754827393,False
419,0.20031450404153173,0.060172731956150916,0.25250368208475177,-0.6178965431186941,True
420,0.12583727713359028,-0.4256128892620621,0.2007363799681542,-0.6463655732930379,True
421,1.742742829979548,5.08150022395597,0.6625769652174216,-0.41262767478807294,False
422,11.056909298592299,2.7497124599602087,1.3930638727458444,-0.46636401881349004,True
423,0.9730057464525048,4.152411963481735,0.49098953321151884,-0.4425286118350013,False
424,3.1787533288717764,27.388522940989983,0.8543064427634767,-0.3437814030681923,False
425,-0.33609980874983847,-0.5984245904018235,-0.05402665609658239,-0.7084214323249635,True
426,-0.2989516708345129,-0.1506274212394717,-0.024610687248333384,-0.6294954386268182,False
427,0.07160388668779993,0.2238076898462973,0.1920124875410364,-0.6320486738491636,False
428,-0.11933679347601778,0.3742156483419965,0.07305083744435216,-0.6159774827473405,False
429,-0.02852885384144921,-0.7601285677238148,0.12734675808541,-0.52586588631153,True
430,-0.015821884906485395,-0.7292607477373817,0.14069991858875258,-0.7725130750140842,True
431,-0.438065925278763,-0.7223824795141052,-0.15994715258229844,-0.6282599515995612,True
432,-0.5922172174300953,-0.36082687900277033,-0.28552538112564,-0.6772143692395878,False
433,2.9494770334848606,8.272999385952952,0.8525299283773357,-0.5997917784553345,False
434,-0.6950869341826575,0.11178005987084871,-0.44129467639971354,-0.8064921157789883,False
435,0.5344394608757654,-0.7028362274102382,0.36491915888231835,-0.6884902963827562,True
436,-0.18607950752622326,5.471193388223836,0.07224902908003075,-0.6574602484776557,False
437,-0.45689235459783206,-0.7674168631245477,-0.14149113444050143,-0.6687479774276219,True
438,3.6737542082193606,3.9881409995450143,0.9118122810732799,-0.46595196622268964,False
439,0.8817761149592773,5.740032734521373,0.46879183302761196,-0.4911500186384992,False
440,-0.44069937978119156,0.3046228101876878,-0.1438028524797323,-0.7947677210504508,False
441,0.4869822278384972,0.7551666270240223,0.35130189693632546,-0.7420901261045882,False
442,-0.3609030439712392,-0.5290218463216227,-0.06687452128467605,-0.6909768999928942,True
443,0.10100770536421133,6.786387293332065,0.20044449436497902,-0.49782862332395605,False
444,-0.22743750932116735,5.802909519577721,0.01870294365517974,-0.6323630297628354,False
445,0.8042191803393108,-0.5814221057447719,0.4457530694748677,-0.5554205339612625,True
446,-0.4029383532158728,-0.39318026570955167,-0.09255958063288675,-0.7731942685158714,False
447,1.1461886908208334,0.7485701218567473,0.5324589708799528,-0.5408660571149464,True
448,2.0927343384564994,-0.8026090592572603,0.7199570773253088,-0.45872110721548337,True
449,3.0213176735843312,-0.3386648086871228,0.8354834562857987,-0.5098971213806208,True
450,-0.3667982895108317,0.24823485210642926,-0.06836608754358595,-0.6652021226765304,False
451,1.5221499045524736,5.325939843650743,0.6139372871813055,-0.6958698899761027,False
452,0.06946673331453468,-0.5580126267879428,0.19069991074874254,-0.6077913658343012,True
453,7.387875536444289,20.6324901630208,1.2074824155637485,-0.3136325694794829,False
454,1.7616911956648678,-0.3866684558669091,0.6570739085744101,-0.3833834830946245,True
455,0.004783423782939389,0.5926865004992061,0.16011971602212252,-0.6050904075139539,False
456,0.37808844593935387,-0.02189391472855584,0.3117507162019152,-0.7528544154086331,True
457,1.0817010491830463,4.623316839662928,0.5179388202956198,-0.5096485977908123,False
458,1.3426169161885189,0.02257027270978118,0.575797274081205,-0.525495251239209,True
459,-0.5253202192950002,-0.527908138359432,-0.22375782939369732,-0.7317771137914487,True
460,1.0663323567822363,2.5736716270201585,0.5226405414994527,-0.520999278455359,False
461,-0.3909420862685651,0.008594678230230857,-0.10944331063299978,-0.6929901984279698,False
462,0.21175717353203782,0.42310492383527265,0.24995224374920788,-0.4658052697305662,False
463,1.4341766751845157,4.753708110603675,0.5996016665156193,-0.6836920240729287,False
464,-0.803391534718165,-0.14878044458303408,-0.6588889742280999,-0.8634009985040411,False
465,-0.4395452402979245,1.046274934501211,-0.13292099651781436,-0.6474262641156455,False
466,-0.038273858103004876,-0.7395255208679378,0.12961587170292313,-0.48421281186236015,True
467,0.36579377533365376,-0.2090780234012397,0.31000345545321095,-0.5856410177820246,True
468,-0.027137160667228044,4.053022218284931,0.13036231101745868,-0.6756414762214618,False
469,1.4919578890017369,4.162668153352529,0.6006304543172623,-0.6546563225800099,False
470,2.245259293386875,6.263690313451238,0.7485461298971837,-0.5455940606346418,False
471,-0.8712369016770465,-0.8689499121375279,-0.8757177167648672,-0.920992592261839,False
472,0.30929466293396257,-0.37325163276248785,0.290472218834356,-0.5873128667655708,True
473,5.837714114314948,2.7844486243907025,1.0585580329237292,-0.5089266197022186,True
474,0.042380944184092995,1.5203059555248424,0.17195566907955157,-0.5798182471876792,False
475,0.24576524823339074,0.730379257948103,0.2589060229781554,-0.46334486047407725,False
476,0.7962215301969287,1.9649575007976172,0.44311021778218596,-0.6837992855519409,False
477,0.3142842143777498,1.225989789473307,0.29412024922274016,-0.6795162625587613,False
478,0.017673102523039663,0.4941196059954511,0.16146365601271473,-0.6714129177981693,False
479,3.8112104860852645,0.7541210027061904,0.9433423312803787,-0.49872341327707453,True
480,0.21543253393564932,0.2941260151416385,0.24876046701739457,-0.5688963721238217,False
481,-0.0789080415826372,-0.40824711510077916,0.12676821122740725,-0.6148683861384934,True
482,0.11303224204802942,14.950057547713941,0.21197743256908322,-0.6539750495521193,False
483,2.327922289107096,5.946074236392347,0.7427560464152748,-0.37830911398293304,False
484,0.6700260645641876,-0.3360535016709888,0.4093611655473645,-0.4652745837283952,True
485,0.7882056928728449,-0.2643416156023365,0.44186456769423854,-0.5838729053453551,True
486,-0.32928436184694687,-0.8759006790499579,-0.046742485992257096,-0.7264285698103061,True
487,-0.34485604983860496,-0.6854186651250014,-0.03517774031415089,-0.665527694349478,True
488,0.08127545963216076,0.854715824006298,0.19908994818778084,-0.694388397315708,False
489,1.4869249828713702,1.5160075727371503,0.616010425514078,-0.5502031180731419,False
490,0.6588429502262889,1.2526758885368636,0.4053185327955205,-0.4299505452080213,False
491,0.7078992734974985,0.036529643979631876,0.4190814298383938,-0.6369687619577309,True
492,0.07456878035888925,0.4196068430907358,0.20052916485158406,-0.7102526553406243,False
493,-0.4291178385164667,-0.7668396093982276,-0.09703369574702218,-0.8082592202010495,True
494,0.9017184912545084,2.9934460466320627,0.4706658629507439,-0.5701300241782324,False
495,-0.7690852735068481,-0.749871703242268,-0.618239356072405,-0.8829080241423822,False
496,-0.3323982459379835,-0.21429547474052324,-0.055896485817845766,-0.7481805411329419,False
497,4.747578698691989,3.6598228532404304,1.0061861003146957,-0.31842905915292463,True
498,0.5425011608103527,0.9696851429918378,0.3694704385445783,-0.5843265333170752,False
499,-0.482655385858375,0.6188040756582869,-0.17553836490454663,-0.7179686507589269,False
